"Fact_ID","Location_ID","Indicator_ID","Source_ID","Year_ID","Obs_Value"
1,1,21,2,7,5416
2,1,21,2,8,5049
3,1,21,2,9,4774
4,1,21,2,10,4545
5,2,21,2,7,80
6,2,21,2,8,75
7,2,21,2,9,70
8,2,21,2,10,66
9,3,21,2,7,2513
10,3,21,2,8,2584
11,3,21,2,9,2659
12,3,21,2,10,2725
13,4,21,2,7,0
14,4,21,2,8,0
15,4,21,2,9,0
16,4,21,2,10,0
17,5,21,2,7,15807
18,5,21,2,8,15696
19,5,21,2,9,15651
20,5,21,2,10,15544
21,7,21,2,7,2
22,7,21,2,8,2
23,7,21,2,9,2
24,7,21,2,10,2
25,8,21,2,7,1512
26,8,21,2,8,1467
27,8,21,2,9,1403
28,8,21,2,10,1337
29,9,21,2,7,76
30,9,21,2,8,78
31,9,21,2,9,79
32,9,21,2,10,79
33,10,21,2,7,260
34,10,21,2,8,258
35,10,21,2,9,256
36,10,21,2,10,253
37,11,21,2,7,68
38,11,21,2,8,67
39,11,21,2,9,66
40,11,21,2,10,65
41,12,21,2,7,440
42,12,21,2,8,446
43,12,21,2,9,454
44,12,21,2,10,463
45,13,21,2,7,18
46,13,21,2,8,16
47,13,21,2,9,16
48,13,21,2,10,15
49,14,21,2,7,36
50,14,21,2,8,36
51,14,21,2,9,35
52,14,21,2,10,35
53,15,21,2,7,18770
54,15,21,2,8,19156
55,15,21,2,9,19900
56,15,21,2,10,20650
57,16,21,2,7,7
58,16,21,2,8,7
59,16,21,2,9,7
60,16,21,2,10,6
61,17,21,2,7,145
62,17,21,2,8,140
63,17,21,2,9,134
64,17,21,2,10,131
65,18,21,2,7,112
66,18,21,2,8,111
67,18,21,2,9,109
68,18,21,2,10,107
69,19,21,2,7,23
70,19,21,2,8,22
71,19,21,2,9,21
72,19,21,2,10,21
73,20,21,2,7,6328
74,20,21,2,8,6315
75,20,21,2,9,6300
76,20,21,2,10,6259
77,21,21,2,7,107
78,21,21,2,8,102
79,21,21,2,9,98
80,21,21,2,10,94
81,22,21,2,7,1051
82,22,21,2,8,1021
83,22,21,2,9,995
84,22,21,2,10,966
85,23,21,2,7,43
86,23,21,2,8,43
87,23,21,2,9,43
88,23,21,2,10,42
89,24,21,2,7,311
90,24,21,2,8,306
91,24,21,2,9,303
92,24,21,2,10,298
93,25,21,2,7,7909
94,25,21,2,8,7598
95,25,21,2,9,7315
96,25,21,2,10,7046
97,27,21,2,7,17
98,27,21,2,8,17
99,27,21,2,9,16
100,27,21,2,10,16
101,28,21,2,7,125
102,28,21,2,8,124
103,28,21,2,9,122
104,28,21,2,10,121
105,29,21,2,7,10333
106,29,21,2,8,10284
107,29,21,2,9,10229
108,29,21,2,10,10131
109,30,21,2,7,6616
110,30,21,2,8,6791
111,30,21,2,9,6914
112,30,21,2,10,7016
113,31,21,2,7,22
114,31,21,2,8,22
115,31,21,2,9,21
116,31,21,2,10,20
117,32,21,2,7,1766
118,32,21,2,8,1714
119,32,21,2,9,1673
120,32,21,2,10,1630
121,33,21,2,7,15919
122,33,21,2,8,16029
123,33,21,2,9,16086
124,33,21,2,10,16065
125,34,21,2,7,395
126,34,21,2,8,381
127,34,21,2,9,367
128,34,21,2,10,355
129,35,21,2,7,2053
130,35,21,2,8,2017
131,35,21,2,9,1980
132,35,21,2,10,1945
133,36,21,2,7,12141
134,36,21,2,8,12146
135,36,21,2,9,12141
136,36,21,2,10,12116
137,37,21,2,7,368
138,37,21,2,8,364
139,37,21,2,9,359
140,37,21,2,10,353
141,38,21,2,7,34721
142,38,21,2,8,33844
143,38,21,2,9,33033
144,38,21,2,10,32278
145,39,21,2,7,2008
146,39,21,2,8,1970
147,39,21,2,9,1938
148,39,21,2,10,1907
149,40,21,2,7,188
150,40,21,2,8,187
151,40,21,2,9,185
152,40,21,2,10,184
153,41,21,2,7,1160
154,41,21,2,8,1154
155,41,21,2,9,1147
156,41,21,2,10,1136
157,42,21,2,7,0
158,42,21,2,8,0
159,42,21,2,9,0
160,42,21,2,10,0
161,43,21,2,7,129
162,43,21,2,8,126
163,43,21,2,9,123
164,43,21,2,10,121
165,45,21,2,7,46
166,45,21,2,8,45
167,45,21,2,9,45
168,45,21,2,10,44
169,46,21,2,7,246
170,46,21,2,8,245
171,46,21,2,9,245
172,46,21,2,10,246
173,47,21,2,7,13
174,47,21,2,8,13
175,47,21,2,9,13
176,47,21,2,10,12
177,48,21,2,7,98
178,48,21,2,8,98
179,48,21,2,9,97
180,48,21,2,10,96
181,44,21,2,7,16574
182,44,21,2,8,16732
183,44,21,2,9,16802
184,44,21,2,10,16849
185,49,21,2,7,1545
186,49,21,2,8,1462
187,49,21,2,9,1397
188,49,21,2,10,1330
189,50,21,2,7,53497
190,50,21,2,8,54223
191,50,21,2,9,54721
192,50,21,2,10,55184
193,51,21,2,7,44
194,51,21,2,8,42
195,51,21,2,9,39
196,51,21,2,10,38
197,52,21,2,7,254
198,52,21,2,8,248
199,52,21,2,9,243
200,52,21,2,10,240
201,53,21,2,7,3
202,53,21,2,8,3
203,53,21,2,9,3
204,53,21,2,10,3
205,54,21,2,7,606
206,54,21,2,8,590
207,54,21,2,9,574
208,54,21,2,10,558
209,55,21,2,7,1116
210,55,21,2,8,1090
211,55,21,2,9,1066
212,55,21,2,10,1038
213,56,21,2,7,8735
214,56,21,2,8,8795
215,56,21,2,9,8949
216,56,21,2,10,9155
217,57,21,2,7,383
218,57,21,2,8,381
219,57,21,2,9,377
220,57,21,2,10,372
221,58,21,2,7,509
222,58,21,2,8,509
223,58,21,2,9,510
224,58,21,2,10,510
225,59,21,2,7,779
226,59,21,2,8,766
227,59,21,2,9,748
228,59,21,2,10,724
229,60,21,2,7,18
230,60,21,2,8,18
231,60,21,2,9,17
232,60,21,2,10,16
233,61,21,2,7,424
234,61,21,2,8,416
235,61,21,2,9,405
236,61,21,2,10,393
237,62,21,2,7,34391
238,62,21,2,8,32957
239,62,21,2,9,31805
240,62,21,2,10,30817
241,63,21,2,7,82
242,63,21,2,8,82
243,63,21,2,9,82
244,63,21,2,10,81
245,64,21,2,7,49
246,64,21,2,8,47
247,64,21,2,9,46
248,64,21,2,10,44
249,65,21,2,7,626
250,65,21,2,8,612
251,65,21,2,9,601
252,65,21,2,10,588
253,66,21,2,7,590
254,66,21,2,8,595
255,66,21,2,9,598
256,66,21,2,10,602
257,67,21,2,7,680
258,67,21,2,8,675
259,67,21,2,9,670
260,67,21,2,10,665
261,68,21,2,7,123
262,68,21,2,8,124
263,68,21,2,9,126
264,68,21,2,10,126
265,69,21,2,7,600
266,69,21,2,8,600
267,69,21,2,9,600
268,69,21,2,10,601
269,70,21,2,7,8034
270,70,21,2,8,7964
271,70,21,2,9,7891
272,70,21,2,10,7824
273,71,21,2,7,102
274,71,21,2,8,99
275,71,21,2,9,95
276,71,21,2,10,91
277,72,21,2,7,6
278,72,21,2,8,6
279,72,21,2,9,6
280,72,21,2,10,6
281,73,21,2,7,1536
282,73,21,2,8,1500
283,73,21,2,9,1465
284,73,21,2,10,1429
285,74,21,2,7,6893
286,74,21,2,8,6840
287,74,21,2,9,6787
288,74,21,2,10,6729
289,75,21,2,7,852
290,75,21,2,8,845
291,75,21,2,9,835
292,75,21,2,10,826
293,76,21,2,7,75
294,76,21,2,8,73
295,76,21,2,9,72
296,76,21,2,10,71
297,77,21,2,7,2895
298,77,21,2,8,2818
299,77,21,2,9,2737
300,77,21,2,10,2665
301,79,21,2,7,987
302,79,21,2,8,959
303,79,21,2,9,929
304,79,21,2,10,902
305,80,21,2,7,103
306,80,21,2,8,99
307,80,21,2,9,95
308,80,21,2,10,91
309,81,21,2,7,2
310,81,21,2,8,2
311,81,21,2,9,2
312,81,21,2,10,2
313,82,21,2,7,160056
314,82,21,2,8,151261
315,82,21,2,9,143191
316,82,21,2,10,135877
317,83,21,2,7,26082
318,83,21,2,8,25424
319,83,21,2,9,24903
320,83,21,2,10,24340
321,84,21,2,7,4773
322,84,21,2,8,4642
323,84,21,2,9,4538
324,84,21,2,10,4452
325,85,21,2,7,11029
326,85,21,2,8,8531
327,85,21,2,9,4008
328,85,21,2,10,3645
329,86,21,2,7,48
330,86,21,2,8,46
331,86,21,2,9,45
332,86,21,2,10,44
333,87,21,2,7,136
334,87,21,2,8,135
335,87,21,2,9,133
336,87,21,2,10,132
337,88,21,2,7,462
338,88,21,2,8,471
339,88,21,2,9,479
340,88,21,2,10,480
341,89,21,2,7,136
342,89,21,2,8,132
343,89,21,2,9,129
344,89,21,2,10,125
345,90,21,2,7,899
346,90,21,2,8,875
347,90,21,2,9,852
348,90,21,2,10,828
349,91,21,2,7,734
350,91,21,2,8,760
351,91,21,2,9,779
352,91,21,2,10,789
353,92,21,2,7,860
354,92,21,2,8,886
355,92,21,2,9,912
356,92,21,2,10,936
357,93,21,2,7,14016
358,93,21,2,8,13932
359,93,21,2,9,13793
360,93,21,2,10,13556
361,94,21,2,7,26
362,94,21,2,8,26
363,94,21,2,9,26
364,94,21,2,10,26
365,95,21,2,7,104
366,95,21,2,8,107
367,95,21,2,9,111
368,95,21,2,10,113
369,96,21,2,7,354
370,96,21,2,8,363
371,96,21,2,9,375
372,96,21,2,10,386
373,97,21,2,7,1420
374,97,21,2,8,1350
375,97,21,2,9,1292
376,97,21,2,10,1243
377,98,21,2,7,33
378,98,21,2,8,31
379,98,21,2,9,29
380,98,21,2,10,28
381,99,21,2,7,235
382,99,21,2,8,261
383,99,21,2,9,223
384,99,21,2,10,216
385,100,21,2,7,412
386,100,21,2,8,400
387,100,21,2,9,390
388,100,21,2,10,380
389,101,21,2,7,2099
390,101,21,2,8,2074
391,101,21,2,9,2042
392,101,21,2,10,2011
393,102,21,2,7,640
394,102,21,2,8,501
395,102,21,2,9,458
396,102,21,2,10,524
397,104,21,2,7,44
398,104,21,2,8,41
399,104,21,2,9,39
400,104,21,2,10,37
401,105,21,2,7,2
402,105,21,2,8,2
403,105,21,2,9,2
404,105,21,2,10,2
405,106,21,2,7,12592
406,106,21,2,8,12667
407,106,21,2,9,12703
408,106,21,2,10,12710
409,107,21,2,7,6712
410,107,21,2,8,6624
411,107,21,2,9,6516
412,107,21,2,10,6394
413,108,21,2,7,1322
414,108,21,2,8,1312
415,108,21,2,9,1304
416,108,21,2,10,1297
417,109,21,2,7,14
418,109,21,2,8,13
419,109,21,2,9,13
420,109,21,2,10,13
421,110,21,2,7,12862
422,110,21,2,8,12994
423,110,21,2,9,13086
424,110,21,2,10,13132
425,111,21,2,7,3
426,111,21,2,8,3
427,111,21,2,9,3
428,111,21,2,10,3
429,112,21,2,7,11
430,112,21,2,8,11
431,112,21,2,9,9
432,112,21,2,10,9
433,113,21,2,7,855
434,113,21,2,8,854
435,113,21,2,9,852
436,113,21,2,10,850
437,114,21,2,7,33
438,114,21,2,8,31
439,114,21,2,9,29
440,114,21,2,10,28
441,115,21,2,7,5834
442,115,21,2,8,5776
443,115,21,2,9,5724
444,115,21,2,10,5662
445,116,21,2,7,16
446,116,21,2,8,15
447,116,21,2,9,15
448,116,21,2,10,14
449,117,21,2,7,0
450,117,21,2,8,0
451,117,21,2,9,0
452,117,21,2,10,0
453,118,21,2,7,244
454,118,21,2,8,232
455,118,21,2,9,221
456,118,21,2,10,209
457,119,21,2,7,9
458,119,21,2,8,8
459,119,21,2,9,8
460,119,21,2,10,7
461,121,21,2,7,1787
462,121,21,2,8,1754
463,121,21,2,9,1723
464,121,21,2,10,1695
465,122,21,2,7,13250
466,122,21,2,8,13154
467,122,21,2,9,13085
468,122,21,2,10,12993
469,123,21,2,7,5538
470,123,21,2,8,5138
471,123,21,2,9,4804
472,123,21,2,10,4506
473,124,21,2,7,664
474,124,21,2,8,662
475,124,21,2,9,662
476,124,21,2,10,660
477,125,21,2,7,2
478,125,21,2,8,2
479,125,21,2,9,2
480,125,21,2,10,2
481,126,21,2,7,3464
482,126,21,2,8,3294
483,126,21,2,9,3146
484,126,21,2,10,3016
485,127,21,2,7,149
486,127,21,2,8,142
487,127,21,2,9,136
488,127,21,2,10,129
489,128,21,2,7,64
490,128,21,2,8,63
491,128,21,2,9,61
492,128,21,2,10,60
493,129,21,2,7,466
494,129,21,2,8,453
495,129,21,2,9,441
496,129,21,2,10,430
497,130,21,2,7,20933
498,130,21,2,8,21154
499,130,21,2,9,21360
500,130,21,2,10,21527
501,131,21,2,7,117150
502,131,21,2,8,118043
503,131,21,2,9,118819
504,131,21,2,10,119243
505,132,21,2,7,0
506,132,21,2,8,0
507,132,21,2,9,0
508,132,21,2,10,0
509,133,21,2,7,32
510,133,21,2,8,31
511,133,21,2,9,31
512,133,21,2,10,30
513,134,21,2,7,46
514,134,21,2,8,45
515,134,21,2,9,43
516,134,21,2,10,42
517,135,21,2,7,145
518,135,21,2,8,152
519,135,21,2,9,160
520,135,21,2,10,169
521,136,21,2,7,41864
522,136,21,2,8,41392
523,136,21,2,9,41067
524,136,21,2,10,40623
525,137,21,2,7,1
526,137,21,2,8,1
527,137,21,2,9,1
528,137,21,2,10,1
529,138,21,2,7,237
530,138,21,2,8,232
531,138,21,2,9,228
532,138,21,2,10,223
533,139,21,2,7,1783
534,139,21,2,8,1762
535,139,21,2,9,1740
536,139,21,2,10,1710
537,140,21,2,7,413
538,140,21,2,8,402
539,140,21,2,9,390
540,140,21,2,10,381
541,141,21,2,7,1771
542,141,21,2,8,1688
543,141,21,2,9,1611
544,141,21,2,10,1536
545,142,21,2,7,9316
546,142,21,2,8,9207
547,142,21,2,9,9087
548,142,21,2,10,8952
549,143,21,2,7,418
550,143,21,2,8,410
551,143,21,2,9,401
552,143,21,2,10,391
553,144,21,2,7,88
554,144,21,2,8,105
555,144,21,2,9,80
556,144,21,2,10,74
557,145,21,2,7,37
558,145,21,2,8,36
559,145,21,2,9,35
560,145,21,2,10,34
561,146,21,2,7,407
562,146,21,2,8,386
563,146,21,2,9,370
564,146,21,2,10,355
565,147,21,2,7,115
566,147,21,2,8,116
567,147,21,2,9,116
568,147,21,2,10,117
569,148,21,2,7,416
570,148,21,2,8,395
571,148,21,2,9,370
572,148,21,2,10,343
573,149,21,2,7,3709
574,149,21,2,8,3600
575,149,21,2,9,3459
576,149,21,2,10,3291
577,150,21,2,7,3342
578,150,21,2,8,3218
579,150,21,2,9,3114
580,150,21,2,10,3031
581,151,21,2,7,2
582,151,21,2,8,2
583,151,21,2,9,2
584,151,21,2,10,2
585,152,21,2,7,8
586,152,21,2,8,7
587,152,21,2,9,7
588,152,21,2,10,7
589,153,21,2,7,9
590,153,21,2,8,9
591,153,21,2,9,9
592,153,21,2,10,8
593,154,21,2,7,18
594,154,21,2,8,18
595,154,21,2,9,17
596,154,21,2,10,17
597,155,21,2,7,0
598,155,21,2,8,0
599,155,21,2,9,0
600,155,21,2,10,0
601,156,21,2,7,38
602,156,21,2,8,37
603,156,21,2,9,36
604,156,21,2,10,36
605,157,21,2,7,1032
606,157,21,2,8,1003
607,157,21,2,9,979
608,157,21,2,10,963
609,158,21,2,7,5045
610,158,21,2,8,4870
611,158,21,2,9,4732
612,158,21,2,10,4629
613,159,21,2,7,125
614,159,21,2,8,121
615,159,21,2,9,118
616,159,21,2,10,113
617,160,21,2,7,4
618,160,21,2,8,4
619,160,21,2,9,4
620,160,21,2,10,4
621,161,21,2,7,4852
622,161,21,2,8,4730
623,161,21,2,9,4606
624,161,21,2,10,4485
625,162,21,2,7,37
626,162,21,2,8,35
627,162,21,2,9,34
628,162,21,2,10,32
629,163,21,2,7,76
630,163,21,2,8,74
631,163,21,2,9,72
632,163,21,2,10,71
633,164,21,2,7,16
634,164,21,2,8,15
635,164,21,2,9,15
636,164,21,2,10,15
637,165,21,2,7,73
638,165,21,2,8,73
639,165,21,2,9,72
640,165,21,2,10,73
641,166,21,2,7,11882
642,166,21,2,8,11782
643,166,21,2,9,11650
644,166,21,2,10,11566
645,167,21,2,7,7077
646,167,21,2,8,6706
647,167,21,2,9,6393
648,167,21,2,10,6106
649,168,21,2,7,6207
650,168,21,2,8,6237
651,168,21,2,9,6254
652,168,21,2,10,6273
653,169,21,2,7,379
654,169,21,2,8,367
655,169,21,2,9,355
656,169,21,2,10,340
657,170,21,2,7,708
658,170,21,2,8,652
659,170,21,2,9,609
660,170,21,2,10,571
661,171,21,2,7,381
662,171,21,2,8,377
663,171,21,2,9,375
664,171,21,2,10,373
665,172,21,2,7,9538
666,172,21,2,8,9392
667,172,21,2,9,9225
668,172,21,2,10,9105
669,173,21,2,7,32
670,173,21,2,8,32
671,173,21,2,9,32
672,173,21,2,10,30
673,174,21,2,7,86
674,174,21,2,8,86
675,174,21,2,9,84
676,174,21,2,10,83
677,175,21,2,7,59
678,175,21,2,8,58
679,175,21,2,9,57
680,175,21,2,10,56
681,176,21,2,7,11297
682,176,21,2,8,8981
683,176,21,2,9,5536
684,176,21,2,10,3495
685,177,21,2,7,297
686,177,21,2,8,297
687,177,21,2,9,300
688,177,21,2,10,303
689,178,21,2,7,3651
690,178,21,2,8,3566
691,178,21,2,9,3489
692,178,21,2,10,3408
693,179,21,2,7,283
694,179,21,2,8,274
695,179,21,2,9,264
696,179,21,2,10,257
697,180,21,2,7,2880
698,180,21,2,8,2835
699,180,21,2,9,2791
700,180,21,2,10,2744
701,182,21,2,7,6
702,182,21,2,8,6
703,182,21,2,9,6
704,182,21,2,10,6
705,183,21,2,7,48
706,183,21,2,8,48
707,183,21,2,9,46
708,183,21,2,10,45
709,184,21,2,7,547
710,184,21,2,8,560
711,184,21,2,9,574
712,184,21,2,10,587
713,185,21,2,7,3066
714,185,21,2,8,2895
715,185,21,2,9,2751
716,185,21,2,10,2623
717,186,21,2,7,410
718,186,21,2,8,413
719,186,21,2,9,420
720,186,21,2,10,426
721,188,21,2,7,2
722,188,21,2,8,2
723,188,21,2,9,2
724,188,21,2,10,2
725,189,21,2,7,18062
726,189,21,2,8,18156
727,189,21,2,9,18260
728,189,21,2,10,18308
729,190,21,2,7,870
730,190,21,2,8,856
731,190,21,2,9,841
732,190,21,2,10,823
733,191,21,2,7,164
734,191,21,2,8,170
735,191,21,2,9,174
736,191,21,2,10,178
737,192,21,2,7,624
738,192,21,2,8,621
739,192,21,2,9,619
740,192,21,2,10,613
741,193,21,2,7,18702
742,193,21,2,8,18773
743,193,21,2,9,18784
744,193,21,2,10,18812
745,194,21,2,7,5565
746,194,21,2,8,5657
747,194,21,2,9,5711
748,194,21,2,10,5705
749,195,21,2,7,85
750,195,21,2,8,82
751,195,21,2,9,80
752,195,21,2,10,77
753,196,21,2,7,2185
754,196,21,2,8,2228
755,196,21,2,9,2262
756,196,21,2,10,2283
757,197,21,2,7,40
758,197,21,2,8,41
759,197,21,2,9,41
760,197,21,2,10,41
761,198,21,2,7,1933
762,198,21,2,8,1908
763,198,21,2,9,1880
764,198,21,2,10,1862
765,199,21,2,7,3869
766,199,21,2,8,3781
767,199,21,2,9,3704
768,199,21,2,10,3632
769,200,21,2,7,6775
770,200,21,2,8,6967
771,200,21,2,9,9380
772,200,21,2,10,9287
773,201,21,2,7,5894
774,201,21,2,8,5813
775,201,21,2,9,5728
776,201,21,2,10,5648
777,202,21,2,7,4779
778,202,21,2,8,4767
779,202,21,2,9,4774
780,202,21,2,10,4765
781,1,20,2,7,19149
782,1,20,2,8,18119
783,1,20,2,9,17201
784,1,20,2,10,16389
785,2,20,2,7,37
786,2,20,2,8,37
787,2,20,2,9,37
788,2,20,2,10,37
789,3,20,2,7,3407
790,3,20,2,8,3419
791,3,20,2,9,3404
792,3,20,2,10,3361
793,4,20,2,7,0
794,4,20,2,8,0
795,4,20,2,9,0
796,4,20,2,10,0
797,5,20,2,7,32414
798,5,20,2,8,31295
799,5,20,2,9,30424
800,5,20,2,10,29474
801,7,20,2,7,1
802,7,20,2,8,2
803,7,20,2,9,1
804,7,20,2,10,1
805,8,20,2,7,897
806,8,20,2,8,855
807,8,20,2,9,813
808,8,20,2,10,773
809,9,20,2,7,64
810,9,20,2,8,61
811,9,20,2,9,57
812,9,20,2,10,55
813,10,20,2,7,183
814,10,20,2,8,181
815,10,20,2,9,178
816,10,20,2,10,174
817,11,20,2,7,53
818,11,20,2,8,53
819,11,20,2,9,54
820,11,20,2,10,54
821,12,20,2,7,478
822,12,20,2,8,445
823,12,20,2,9,413
824,12,20,2,10,381
825,13,20,2,7,10
826,13,20,2,8,10
827,13,20,2,9,9
828,13,20,2,10,9
829,14,20,2,7,22
830,14,20,2,8,22
831,14,20,2,9,22
832,14,20,2,10,22
833,15,20,2,7,19341
834,15,20,2,8,17823
835,15,20,2,9,16503
836,15,20,2,10,15308
837,16,20,2,7,3
838,16,20,2,8,3
839,16,20,2,9,3
840,16,20,2,10,3
841,17,20,2,7,108
842,17,20,2,8,102
843,17,20,2,9,97
844,17,20,2,10,92
845,18,20,2,7,93
846,18,20,2,8,90
847,18,20,2,9,87
848,18,20,2,10,84
849,19,20,2,7,16
850,19,20,2,8,15
851,19,20,2,9,14
852,19,20,2,10,14
853,20,20,2,7,13112
854,20,20,2,8,12956
855,20,20,2,9,12776
856,20,20,2,10,12558
857,21,20,2,7,70
858,21,20,2,8,66
859,21,20,2,9,64
860,21,20,2,10,60
861,22,20,2,7,1377
862,22,20,2,8,1304
863,22,20,2,9,1237
864,22,20,2,10,1181
865,23,20,2,7,27
866,23,20,2,8,25
867,23,20,2,9,25
868,23,20,2,10,23
869,24,20,2,7,599
870,24,20,2,8,636
871,24,20,2,9,604
872,24,20,2,10,527
873,25,20,2,7,5179
874,25,20,2,8,4668
875,25,20,2,9,4521
876,25,20,2,10,4378
877,27,20,2,7,13
878,27,20,2,8,13
879,27,20,2,9,13
880,27,20,2,10,13
881,28,20,2,7,87
882,28,20,2,8,81
883,28,20,2,9,76
884,28,20,2,10,71
885,29,20,2,7,26894
886,29,20,2,8,26056
887,29,20,2,9,25186
888,29,20,2,10,24306
889,30,20,2,7,7915
890,30,20,2,8,7600
891,30,20,2,9,7285
892,30,20,2,10,6999
893,31,20,2,7,28
894,31,20,2,8,26
895,31,20,2,9,24
896,31,20,2,10,23
897,32,20,2,7,1548
898,32,20,2,8,1487
899,32,20,2,9,1428
900,32,20,2,10,1374
901,33,20,2,7,24262
902,33,20,2,8,23193
903,33,20,2,9,22211
904,33,20,2,10,21364
905,34,20,2,7,254
906,34,20,2,8,247
907,34,20,2,9,241
908,34,20,2,10,234
909,35,20,2,7,5655
910,35,20,2,8,5277
911,35,20,2,9,5063
912,35,20,2,10,4773
913,36,20,2,7,30233
914,36,20,2,8,29459
915,36,20,2,9,28735
916,36,20,2,10,27959
917,37,20,2,7,274
918,37,20,2,8,262
919,37,20,2,9,250
920,37,20,2,10,240
921,38,20,2,7,24794
922,38,20,2,8,22981
923,38,20,2,9,21252
924,38,20,2,10,19661
925,39,20,2,7,1572
926,39,20,2,8,1519
927,39,20,2,9,1464
928,39,20,2,10,1415
929,40,20,2,7,428
930,40,20,2,8,413
931,40,20,2,9,396
932,40,20,2,10,380
933,41,20,2,7,2455
934,41,20,2,8,2365
935,41,20,2,9,2276
936,41,20,2,10,2189
937,42,20,2,7,0
938,42,20,2,8,0
939,42,20,2,9,0
940,42,20,2,10,0
941,43,20,2,7,97
942,43,20,2,8,90
943,43,20,2,9,82
944,43,20,2,10,76
945,45,20,2,7,30
946,45,20,2,8,29
947,45,20,2,9,29
948,45,20,2,10,28
949,46,20,2,7,170
950,46,20,2,8,166
951,46,20,2,9,162
952,46,20,2,10,157
953,47,20,2,7,6
954,47,20,2,8,7
955,47,20,2,9,6
956,47,20,2,10,6
957,48,20,2,7,71
958,48,20,2,8,71
959,48,20,2,9,72
960,48,20,2,10,72
961,44,20,2,7,19558
962,44,20,2,8,19082
963,44,20,2,9,18417
964,44,20,2,10,17792
965,49,20,2,7,1694
966,49,20,2,8,1599
967,49,20,2,9,1573
968,49,20,2,10,1475
969,50,20,2,7,68916
970,50,20,2,8,66574
971,50,20,2,9,64215
972,50,20,2,10,62028
973,51,20,2,7,35
974,51,20,2,8,33
975,51,20,2,9,32
976,51,20,2,10,31
977,52,20,2,7,222
978,52,20,2,8,210
979,52,20,2,9,199
980,52,20,2,10,189
981,53,20,2,7,4
982,53,20,2,8,3
983,53,20,2,9,3
984,53,20,2,10,3
985,54,20,2,7,1062
986,54,20,2,8,1023
987,54,20,2,9,984
988,54,20,2,10,942
989,55,20,2,7,675
990,55,20,2,8,667
991,55,20,2,9,659
992,55,20,2,10,650
993,56,20,2,7,8438
994,56,20,2,8,8209
995,56,20,2,9,7971
996,56,20,2,10,7663
997,57,20,2,7,245
998,57,20,2,8,236
999,57,20,2,9,226
1000,57,20,2,10,218
1001,58,20,2,7,948
1002,58,20,2,8,929
1003,58,20,2,9,907
1004,58,20,2,10,887
1005,59,20,2,7,1292
1006,59,20,2,8,1211
1007,59,20,2,9,1137
1008,59,20,2,10,1069
1009,60,20,2,7,9
1010,60,20,2,8,9
1011,60,20,2,9,8
1012,60,20,2,10,8
1013,61,20,2,7,461
1014,61,20,2,8,539
1015,61,20,2,9,444
1016,61,20,2,10,325
1017,62,20,2,7,57842
1018,62,20,2,8,54388
1019,62,20,2,9,51320
1020,62,20,2,10,48613
1021,63,20,2,7,74
1022,63,20,2,8,75
1023,63,20,2,9,76
1024,63,20,2,10,77
1025,64,20,2,7,26
1026,64,20,2,8,25
1027,64,20,2,9,25
1028,64,20,2,10,24
1029,65,20,2,7,511
1030,65,20,2,8,511
1031,65,20,2,9,513
1032,65,20,2,10,513
1033,66,20,2,7,761
1034,66,20,2,8,724
1035,66,20,2,9,719
1036,66,20,2,10,732
1037,67,20,2,7,1506
1038,67,20,2,8,1449
1039,67,20,2,9,1392
1040,67,20,2,10,1337
1041,68,20,2,7,65
1042,68,20,2,8,63
1043,68,20,2,9,61
1044,68,20,2,10,59
1045,69,20,2,7,438
1046,69,20,2,8,440
1047,69,20,2,9,442
1048,69,20,2,10,442
1049,70,20,2,7,12352
1050,70,20,2,8,11712
1051,70,20,2,9,11098
1052,70,20,2,10,10540
1053,71,20,2,7,50
1054,71,20,2,8,47
1055,71,20,2,9,43
1056,71,20,2,10,38
1057,72,20,2,7,4
1058,72,20,2,8,4
1059,72,20,2,9,4
1060,72,20,2,10,3
1061,73,20,2,7,1790
1062,73,20,2,8,1709
1063,73,20,2,9,1642
1064,73,20,2,10,1579
1065,74,20,2,7,15830
1066,74,20,2,8,15676
1067,74,20,2,9,15502
1068,74,20,2,10,15294
1069,75,20,2,7,1858
1070,75,20,2,8,1800
1071,75,20,2,9,1744
1072,75,20,2,10,1681
1073,76,20,2,7,87
1074,76,20,2,8,84
1075,76,20,2,9,79
1076,76,20,2,10,76
1077,77,20,2,7,4534
1078,77,20,2,8,4342
1079,77,20,2,9,4147
1080,77,20,2,10,3960
1081,79,20,2,7,545
1082,79,20,2,8,521
1083,79,20,2,9,502
1084,79,20,2,10,485
1085,80,20,2,7,72
1086,80,20,2,8,67
1087,80,20,2,9,62
1088,80,20,2,10,58
1089,81,20,2,7,2
1090,81,20,2,8,2
1091,81,20,2,9,1
1092,81,20,2,10,2
1093,82,20,2,7,194223
1094,82,20,2,8,175640
1095,82,20,2,9,159551
1096,82,20,2,10,145720
1097,83,20,2,7,21162
1098,83,20,2,8,19940
1099,83,20,2,9,18851
1100,83,20,2,10,17826
1101,84,20,2,7,3104
1102,84,20,2,8,3054
1103,84,20,2,9,3005
1104,84,20,2,10,2937
1105,85,20,2,7,4976
1106,85,20,2,8,4814
1107,85,20,2,9,4634
1108,85,20,2,10,4454
1109,86,20,2,7,36
1110,86,20,2,8,34
1111,86,20,2,9,32
1112,86,20,2,10,30
1113,87,20,2,7,122
1114,87,20,2,8,121
1115,87,20,2,9,120
1116,87,20,2,10,119
1117,88,20,2,7,259
1118,88,20,2,8,245
1119,88,20,2,9,232
1120,88,20,2,10,220
1121,89,20,2,7,103
1122,89,20,2,8,99
1123,89,20,2,9,95
1124,89,20,2,10,92
1125,90,20,2,7,764
1126,90,20,2,8,729
1127,90,20,2,9,695
1128,90,20,2,10,661
1129,91,20,2,7,525
1130,91,20,2,8,511
1131,91,20,2,9,494
1132,91,20,2,10,475
1133,92,20,2,7,463
1134,92,20,2,8,448
1135,92,20,2,9,443
1136,92,20,2,10,447
1137,93,20,2,7,19580
1138,93,20,2,8,18382
1139,93,20,2,9,17288
1140,93,20,2,10,16558
1141,94,20,2,7,39
1142,94,20,2,8,37
1143,94,20,2,9,36
1144,94,20,2,10,35
1145,95,20,2,7,74
1146,95,20,2,8,72
1147,95,20,2,9,70
1148,95,20,2,10,68
1149,96,20,2,7,367
1150,96,20,2,8,348
1151,96,20,2,9,328
1152,96,20,2,10,311
1153,97,20,2,7,1811
1154,97,20,2,8,1704
1155,97,20,2,9,1608
1156,97,20,2,10,1521
1157,98,20,2,7,14
1158,98,20,2,8,13
1159,98,20,2,9,12
1160,98,20,2,10,11
1161,99,20,2,7,118
1162,99,20,2,8,118
1163,99,20,2,9,119
1164,99,20,2,10,119
1165,100,20,2,7,1052
1166,100,20,2,8,977
1167,100,20,2,9,999
1168,100,20,2,10,1042
1169,101,20,2,7,3595
1170,101,20,2,8,3571
1171,101,20,2,9,3533
1172,101,20,2,10,3479
1173,102,20,2,7,247
1174,102,20,2,8,237
1175,102,20,2,9,226
1176,102,20,2,10,216
1177,104,20,2,7,28
1178,104,20,2,8,25
1179,104,20,2,9,23
1180,104,20,2,10,20
1181,105,20,2,7,3
1182,105,20,2,8,3
1183,105,20,2,9,3
1184,105,20,2,10,4
1185,106,20,2,7,12798
1186,106,20,2,8,12406
1187,106,20,2,9,12015
1188,106,20,2,10,11654
1189,107,20,2,7,8708
1190,107,20,2,8,7925
1191,107,20,2,9,7064
1192,107,20,2,10,6474
1193,108,20,2,7,593
1194,108,20,2,8,609
1195,108,20,2,9,626
1196,108,20,2,10,641
1197,109,20,2,7,10
1198,109,20,2,8,10
1199,109,20,2,9,9
1200,109,20,2,10,8
1201,110,20,2,7,28802
1202,110,20,2,8,27796
1203,110,20,2,9,26780
1204,110,20,2,10,25853
1205,111,20,2,7,4
1206,111,20,2,8,4
1207,111,20,2,9,4
1208,111,20,2,10,4
1209,112,20,2,7,10
1210,112,20,2,8,9
1211,112,20,2,9,8
1212,112,20,2,10,8
1213,113,20,2,7,3596
1214,113,20,2,8,3490
1215,113,20,2,9,3380
1216,113,20,2,10,3262
1217,114,20,2,7,24
1218,114,20,2,8,24
1219,114,20,2,9,22
1220,114,20,2,10,23
1221,115,20,2,7,4983
1222,115,20,2,8,4796
1223,115,20,2,9,4612
1224,115,20,2,10,4432
1225,116,20,2,7,14
1226,116,20,2,8,14
1227,116,20,2,9,13
1228,116,20,2,10,12
1229,117,20,2,7,1
1230,117,20,2,8,1
1231,117,20,2,9,1
1232,117,20,2,10,1
1233,118,20,2,7,200
1234,118,20,2,8,188
1235,118,20,2,9,178
1236,118,20,2,10,168
1237,119,20,2,7,3
1238,119,20,2,8,3
1239,119,20,2,9,3
1240,119,20,2,10,2
1241,121,20,2,7,2406
1242,121,20,2,8,2309
1243,121,20,2,9,2212
1244,121,20,2,10,2114
1245,122,20,2,7,22090
1246,122,20,2,8,21963
1247,122,20,2,9,21553
1248,122,20,2,10,20702
1249,123,20,2,7,10057
1250,123,20,2,8,9463
1251,123,20,2,9,8916
1252,123,20,2,10,8406
1253,124,20,2,7,929
1254,124,20,2,8,873
1255,124,20,2,9,838
1256,124,20,2,10,808
1257,125,20,2,7,2
1258,125,20,2,8,2
1259,125,20,2,9,2
1260,125,20,2,10,1
1261,126,20,2,7,3550
1262,126,20,2,8,3317
1263,126,20,2,9,3114
1264,126,20,2,10,2934
1265,127,20,2,7,106
1266,127,20,2,8,104
1267,127,20,2,9,102
1268,127,20,2,10,101
1269,128,20,2,7,55
1270,128,20,2,8,52
1271,128,20,2,9,50
1272,128,20,2,10,48
1273,129,20,2,7,366
1274,129,20,2,8,348
1275,129,20,2,9,331
1276,129,20,2,10,315
1277,130,20,2,7,35566
1278,130,20,2,8,34571
1279,130,20,2,9,33682
1280,130,20,2,10,32839
1281,131,20,2,7,320883
1282,131,20,2,8,318759
1283,131,20,2,9,314543
1284,131,20,2,10,309783
1285,132,20,2,7,0
1286,132,20,2,8,0
1287,132,20,2,9,0
1288,132,20,2,10,0
1289,133,20,2,7,35
1290,133,20,2,8,29
1291,133,20,2,9,23
1292,133,20,2,10,18
1293,134,20,2,7,30
1294,134,20,2,8,29
1295,134,20,2,9,28
1296,134,20,2,10,27
1297,135,20,2,7,127
1298,135,20,2,8,133
1299,135,20,2,9,138
1300,135,20,2,10,142
1301,136,20,2,7,74995
1302,136,20,2,8,72700
1303,136,20,2,9,70328
1304,136,20,2,10,67824
1305,137,20,2,7,1
1306,137,20,2,8,0
1307,137,20,2,9,0
1308,137,20,2,10,0
1309,138,20,2,7,180
1310,138,20,2,8,174
1311,138,20,2,9,169
1312,138,20,2,10,163
1313,139,20,2,7,2280
1314,139,20,2,8,2203
1315,139,20,2,9,2129
1316,139,20,2,10,2044
1317,140,20,2,7,447
1318,140,20,2,8,430
1319,140,20,2,9,415
1320,140,20,2,10,399
1321,141,20,2,7,1928
1322,141,20,2,8,1835
1323,141,20,2,9,1754
1324,141,20,2,10,1687
1325,142,20,2,7,14350
1326,142,20,2,8,13775
1327,142,20,2,9,13216
1328,142,20,2,10,12628
1329,143,20,2,7,255
1330,143,20,2,8,247
1331,143,20,2,9,241
1332,143,20,2,10,236
1333,144,20,2,7,57
1334,144,20,2,8,55
1335,144,20,2,9,54
1336,144,20,2,10,52
1337,145,20,2,7,26
1338,145,20,2,8,25
1339,145,20,2,9,25
1340,145,20,2,10,24
1341,146,20,2,7,217
1342,146,20,2,8,207
1343,146,20,2,9,196
1344,146,20,2,10,186
1345,147,20,2,7,94
1346,147,20,2,8,91
1347,147,20,2,9,88
1348,147,20,2,10,85
1349,148,20,2,7,291
1350,148,20,2,8,277
1351,148,20,2,9,263
1352,148,20,2,10,248
1353,149,20,2,7,2040
1354,149,20,2,8,1879
1355,149,20,2,9,1720
1356,149,20,2,10,1573
1357,150,20,2,7,3467
1358,150,20,2,8,3296
1359,150,20,2,9,3165
1360,150,20,2,10,3035
1361,151,20,2,7,2
1362,151,20,2,8,1
1363,151,20,2,9,2
1364,151,20,2,10,2
1365,152,20,2,7,5
1366,152,20,2,8,5
1367,152,20,2,9,5
1368,152,20,2,10,5
1369,153,20,2,7,2
1370,153,20,2,8,2
1371,153,20,2,9,2
1372,153,20,2,10,2
1373,154,20,2,7,11
1374,154,20,2,8,11
1375,154,20,2,9,10
1376,154,20,2,10,10
1377,155,20,2,7,1
1378,155,20,2,8,0
1379,155,20,2,9,0
1380,155,20,2,10,0
1381,156,20,2,7,49
1382,156,20,2,8,46
1383,156,20,2,9,44
1384,156,20,2,10,42
1385,157,20,2,7,697
1386,157,20,2,8,655
1387,157,20,2,9,618
1388,157,20,2,10,585
1389,158,20,2,7,7838
1390,158,20,2,8,7469
1391,158,20,2,9,7096
1392,158,20,2,10,6740
1393,159,20,2,7,68
1394,159,20,2,8,65
1395,159,20,2,9,61
1396,159,20,2,10,58
1397,160,20,2,7,3
1398,160,20,2,8,3
1399,160,20,2,9,3
1400,160,20,2,10,3
1401,161,20,2,7,8566
1402,161,20,2,8,8016
1403,161,20,2,9,7534
1404,161,20,2,10,7108
1405,162,20,2,7,27
1406,162,20,2,8,26
1407,162,20,2,9,26
1408,162,20,2,10,25
1409,163,20,2,7,63
1410,163,20,2,8,63
1411,163,20,2,9,62
1412,163,20,2,10,61
1413,164,20,2,7,10
1414,164,20,2,8,9
1415,164,20,2,9,9
1416,164,20,2,10,9
1417,165,20,2,7,62
1418,165,20,2,8,61
1419,165,20,2,9,60
1420,165,20,2,10,59
1421,166,20,2,7,26778
1422,166,20,2,8,26317
1423,166,20,2,9,25850
1424,166,20,2,10,25579
1425,167,20,2,7,9545
1426,167,20,2,8,8902
1427,167,20,2,9,8618
1428,167,20,2,10,8290
1429,168,20,2,7,12705
1430,168,20,2,8,12834
1431,168,20,2,9,12929
1432,168,20,2,10,12996
1433,169,20,2,7,243
1434,169,20,2,8,229
1435,169,20,2,9,217
1436,169,20,2,10,205
1437,170,20,2,7,418
1438,170,20,2,8,394
1439,170,20,2,9,372
1440,170,20,2,10,353
1441,171,20,2,7,432
1442,171,20,2,8,421
1443,171,20,2,9,410
1444,171,20,2,10,398
1445,172,20,2,7,25162
1446,172,20,2,8,24383
1447,172,20,2,9,23606
1448,172,20,2,10,22850
1449,173,20,2,7,23
1450,173,20,2,8,22
1451,173,20,2,9,21
1452,173,20,2,10,20
1453,174,20,2,7,61
1454,174,20,2,8,60
1455,174,20,2,9,59
1456,174,20,2,10,57
1457,175,20,2,7,43
1458,175,20,2,8,41
1459,175,20,2,9,40
1460,175,20,2,10,39
1461,176,20,2,7,2670
1462,176,20,2,8,2370
1463,176,20,2,9,1913
1464,176,20,2,10,1620
1465,177,20,2,7,1226
1466,177,20,2,8,1206
1467,177,20,2,9,1180
1468,177,20,2,10,1148
1469,178,20,2,7,1114
1470,178,20,2,8,1057
1471,178,20,2,9,1002
1472,178,20,2,10,951
1473,179,20,2,7,243
1474,179,20,2,8,234
1475,179,20,2,9,226
1476,179,20,2,10,221
1477,180,20,2,7,5916
1478,180,20,2,8,5747
1479,180,20,2,9,5571
1480,180,20,2,10,5384
1481,182,20,2,7,7
1482,182,20,2,8,6
1483,182,20,2,9,7
1484,182,20,2,10,6
1485,183,20,2,7,40
1486,183,20,2,8,39
1487,183,20,2,9,37
1488,183,20,2,10,35
1489,184,20,2,7,496
1490,184,20,2,8,499
1491,184,20,2,9,497
1492,184,20,2,10,490
1493,185,20,2,7,2211
1494,185,20,2,8,2092
1495,185,20,2,9,1982
1496,185,20,2,10,1877
1497,186,20,2,7,813
1498,186,20,2,8,830
1499,186,20,2,9,831
1500,186,20,2,10,814
1501,188,20,2,7,2
1502,188,20,2,8,1
1503,188,20,2,9,1
1504,188,20,2,10,1
1505,189,20,2,7,23080
1506,189,20,2,8,21842
1507,189,20,2,9,20836
1508,189,20,2,10,19591
1509,190,20,2,7,635
1510,190,20,2,8,605
1511,190,20,2,9,574
1512,190,20,2,10,542
1513,191,20,2,7,112
1514,191,20,2,8,113
1515,191,20,2,9,111
1516,191,20,2,10,109
1517,192,20,2,7,500
1518,192,20,2,8,491
1519,192,20,2,9,482
1520,192,20,2,10,471
1521,193,20,2,7,30083
1522,193,20,2,8,29514
1523,193,20,2,9,28891
1524,193,20,2,10,28435
1525,194,20,2,7,3818
1526,194,20,2,8,3732
1527,194,20,2,9,3652
1528,194,20,2,10,3573
1529,195,20,2,7,56
1530,195,20,2,8,53
1531,195,20,2,9,50
1532,195,20,2,10,48
1533,196,20,2,7,1556
1534,196,20,2,8,1448
1535,196,20,2,9,1367
1536,196,20,2,10,1294
1537,197,20,2,7,36
1538,197,20,2,8,36
1539,197,20,2,9,36
1540,197,20,2,10,34
1541,198,20,2,7,1829
1542,198,20,2,8,1802
1543,198,20,2,9,1766
1544,198,20,2,10,1729
1545,199,20,2,7,6733
1546,199,20,2,8,6681
1547,199,20,2,9,6596
1548,199,20,2,10,6479
1549,200,20,2,7,11290
1550,200,20,2,8,11504
1551,200,20,2,9,12633
1552,200,20,2,10,12645
1553,201,20,2,7,12140
1554,201,20,2,8,11987
1555,201,20,2,9,11975
1556,201,20,2,10,11721
1557,202,20,2,7,8566
1558,202,20,2,8,8318
1559,202,20,2,9,7692
1560,202,20,2,10,7397
1561,1,16,3,10,25.75
1562,3,16,3,10,0
1563,4,16,3,10,0
1564,7,16,3,10,0
1565,10,16,3,10,0
1566,12,16,3,10,0
1567,14,16,3,10,0
1568,15,16,3,10,0
1569,16,16,3,10,0
1570,17,16,3,10,0
1571,20,16,3,10,27.8287982940674
1572,21,16,3,10,10.7443704605103
1573,24,16,3,10,0
1574,25,16,3,10,5.03463363647461
1575,26,16,3,10,0
1576,29,16,3,10,19.73876953125
1577,30,16,3,10,5.07040882110596
1578,31,16,3,10,1.25646674633026
1579,32,16,3,10,38.3443298339844
1580,33,16,3,10,49.3290557861328
1581,35,16,3,10,59
1582,38,16,3,10,41.9333343505859
1583,41,16,3,10,39.6070594787598
1584,42,16,3,10,0
1585,43,16,3,10,3.07021069526672
1586,46,16,3,10,0
1587,44,16,3,10,50.2333602905273
1588,50,16,3,10,6.8600001335144
1589,51,16,3,10,0
1590,52,16,3,10,8.20059013366699
1591,53,16,3,10,0
1592,55,16,3,10,18.5666675567627
1593,56,16,3,10,0
1594,57,16,3,10,7.43952989578247
1595,58,16,3,10,20.9069957733154
1596,59,16,3,10,45.644962310791
1597,60,16,3,10,0
1598,61,16,3,10,0
1599,62,16,3,10,39.4292297363281
1600,63,16,3,10,9.89999961853027
1601,64,16,3,10,0
1602,65,16,3,10,0
1603,67,16,3,10,0
1604,69,16,3,10,0
1605,70,16,3,10,22.5458641052246
1606,74,16,3,10,18.0590934753418
1607,75,16,3,10,47.226619720459
1608,80,16,3,10,0
1609,82,16,3,10,16.4997138977051
1610,83,16,3,10,13.1226940155029
1611,85,16,3,10,14.447868347168
1612,87,16,3,10,0
1613,88,16,3,10,0
1614,91,16,3,10,0.393914699554443
1615,93,16,3,10,0.300000011920929
1616,95,16,3,10,0
1617,97,16,3,10,22.1236381530762
1618,98,16,3,10,0
1619,99,16,3,10,0.800000011920929
1620,100,16,3,10,3.90000009536743
1621,101,16,3,10,32.9616394042969
1622,102,16,3,10,0
1623,106,16,3,10,28.0136833190918
1624,107,16,3,10,16.317928314209
1625,108,16,3,10,0
1626,110,16,3,10,19.1000003814697
1627,113,16,3,10,60.4332580566406
1628,114,16,3,10,0
1629,115,16,3,10,6.2492995262146
1630,117,16,3,10,0
1631,118,16,3,10,15.6499996185303
1632,120,16,3,10,0
1633,121,16,3,10,4.86535835266113
1634,126,16,3,10,17.0799999237061
1635,127,16,3,10,0
1636,129,16,3,10,28.6524543762207
1637,130,16,3,10,64.6625823974609
1638,131,16,3,10,39.6739463806152
1639,132,16,3,10,0
1640,134,16,3,10,0
1641,135,16,3,10,0
1642,136,16,3,10,24.3757724761963
1643,139,16,3,10,41.615119934082
1644,141,16,3,10,2.22654962539673
1645,142,16,3,10,7.83197927474976
1646,143,16,3,10,0
1647,144,16,3,10,0
1648,145,16,3,10,0
1649,146,16,3,10,0
1650,147,16,3,10,0
1651,149,16,3,10,1.78666663169861
1652,150,16,3,10,15.539439201355
1653,152,16,3,10,0
1654,153,16,3,10,0
1655,154,16,3,10,0
1656,155,16,3,10,0
1657,156,16,3,10,16.1892166137695
1658,157,16,3,10,0
1659,158,16,3,10,19.4524536132812
1660,160,16,3,10,0
1661,161,16,3,10,39.2992744445801
1662,162,16,3,10,0
1663,163,16,3,10,0
1664,164,16,3,10,0
1665,165,16,3,10,64
1666,166,16,3,10,59.5999984741211
1667,167,16,3,10,11.8053512573242
1668,168,16,3,10,25.6381683349609
1669,169,16,3,10,0
1670,170,16,3,10,0
1671,171,16,3,10,0.602194726467133
1672,172,16,3,10,38
1673,175,16,3,10,0
1674,176,16,3,10,34.8078575134277
1675,177,16,3,10,18.0300006866455
1676,179,16,3,10,33.8140258789062
1677,184,16,3,10,14.5235633850098
1678,187,16,3,10,0
1679,189,16,3,10,4.40528631210327
1680,191,16,3,10,0
1681,194,16,3,10,0
1682,202,16,3,10,2.7012722492218
1683,4,17,3,10,0
1684,7,17,3,10,0
1685,10,17,3,10,0
1686,12,17,3,10,0
1687,14,17,3,10,0
1688,15,17,3,10,6.72499990463257
1689,16,17,3,10,0
1690,17,17,3,10,0
1691,18,17,3,10,0
1692,21,17,3,10,17.9438285827637
1693,25,17,3,10,3.85295009613037
1694,26,17,3,10,0
1695,27,17,3,10,0
1696,30,17,3,10,66.6483917236328
1697,32,17,3,10,46.9257926940918
1698,38,17,3,10,2.00713324546814
1699,42,17,3,10,0
1700,43,17,3,10,22.444580078125
1701,46,17,3,10,0
1702,44,17,3,10,72.5756530761719
1703,51,17,3,10,0
1704,53,17,3,10,0
1705,55,17,3,10,23.2666664123535
1706,56,17,3,10,0
1707,60,17,3,10,0
1708,62,17,3,10,79.8756561279297
1709,63,17,3,10,11.9700002670288
1710,64,17,3,10,0
1711,65,17,3,10,0
1712,69,17,3,10,0
1713,70,17,3,10,38.2959403991699
1714,72,17,3,10,0
1715,74,17,3,10,67.613639831543
1716,75,17,3,10,74.8000030517578
1717,80,17,3,10,0
1718,82,17,3,10,24.5562419891357
1719,83,17,3,10,31.263298034668
1720,87,17,3,10,0
1721,88,17,3,10,0
1722,95,17,3,10,0
1723,96,17,3,10,0
1724,98,17,3,10,0
1725,99,17,3,10,4.19999980926514
1726,101,17,3,10,14.6187696456909
1727,102,17,3,10,5
1728,107,17,3,10,76.470588684082
1729,108,17,3,10,0
1730,109,17,3,10,18
1731,110,17,3,10,19.0068492889404
1732,115,17,3,10,16.8658351898193
1733,117,17,3,10,0
1734,118,17,3,10,22.7000007629395
1735,120,17,3,10,0
1736,127,17,3,10,0
1737,131,17,3,10,61.6753883361816
1738,132,17,3,10,0
1739,134,17,3,10,0
1740,135,17,3,10,0
1741,139,17,3,10,45.5767097473145
1742,141,17,3,10,32.4728202819824
1743,142,17,3,10,35.6348075866699
1744,143,17,3,10,0
1745,144,17,3,10,0
1746,145,17,3,10,0
1747,146,17,3,10,0
1748,147,17,3,10,0
1749,150,17,3,10,31.8778820037842
1750,152,17,3,10,0
1751,153,17,3,10,0
1752,154,17,3,10,0
1753,155,17,3,10,0
1754,156,17,3,10,10.3154287338257
1755,157,17,3,10,0
1756,158,17,3,10,71.5
1757,160,17,3,10,0
1758,161,17,3,10,63.9150924682617
1759,162,17,3,10,0
1760,163,17,3,10,0
1761,164,17,3,10,0
1762,165,17,3,10,66
1763,168,17,3,10,80.4000015258789
1764,169,17,3,10,0
1765,171,17,3,10,3.31117582321167
1766,172,17,3,10,75
1767,175,17,3,10,0
1768,176,17,3,10,51.6248626708984
1769,177,17,3,10,61.4093971252441
1770,184,17,3,10,11.8999996185303
1771,187,17,3,10,0
1772,189,17,3,10,46.375904083252
1773,191,17,3,10,0
1774,194,17,3,10,0
1775,202,17,3,10,37.3499984741211
1776,1,18,3,10,21.75
1777,3,18,3,10,7.84866380691528
1778,4,18,3,10,0
1779,5,18,3,10,68.4706115722656
1780,7,18,3,10,0
1781,8,18,3,10,10.1000003814697
1782,10,18,3,10,0
1783,12,18,3,10,0
1784,14,18,3,10,0
1785,15,18,3,10,7.93494272232056
1786,16,18,3,10,0
1787,17,18,3,10,0
1788,18,18,3,10,0
1789,20,18,3,10,20.9069709777832
1790,21,18,3,10,10.9905633926392
1791,24,18,3,10,0
1792,25,18,3,10,15.1111402511597
1793,29,18,3,10,40.9172821044922
1794,30,18,3,10,41.432788848877
1795,31,18,3,10,0
1796,32,18,3,10,26.5144214630127
1797,33,18,3,10,35.554370880127
1798,35,18,3,10,76.690788269043
1799,36,18,3,10,62.8706398010254
1800,37,18,3,10,3.62857151031494
1801,38,18,3,10,0
1802,39,18,3,10,25.9145526885986
1803,40,18,3,10,88.4498825073242
1804,41,18,3,10,55.7166366577148
1805,42,18,3,10,0
1806,43,18,3,10,11.2096271514893
1807,46,18,3,10,0
1808,44,18,3,10,50.4451866149902
1809,50,18,3,10,51.3053779602051
1810,51,18,3,10,0
1811,52,18,3,10,14.3934984207153
1812,53,18,3,10,0
1813,54,18,3,10,10.1543579101562
1814,55,18,3,10,6.29078674316406
1815,57,18,3,10,4.60261106491089
1816,58,18,3,10,71.9358596801758
1817,59,18,3,10,30.3571166992188
1818,60,18,3,10,0
1819,61,18,3,10,13.8548402786255
1820,62,18,3,10,76.3731460571289
1821,63,18,3,10,6.5
1822,64,18,3,10,0
1823,65,18,3,10,0
1824,67,18,3,10,22.9870929718018
1825,69,18,3,10,0
1826,70,18,3,10,29.2533206939697
1827,72,18,3,10,0
1828,73,18,3,10,18.945821762085
1829,74,18,3,10,66.5384368896484
1830,75,18,3,10,34.8102989196777
1831,77,18,3,10,42.4204330444336
1832,79,18,3,10,21.5776596069336
1833,80,18,3,10,0
1834,82,18,3,10,6.00297880172729
1835,83,18,3,10,16.6107158660889
1836,85,18,3,10,15.8030433654785
1837,87,18,3,10,0
1838,88,18,3,10,0
1839,91,18,3,10,0.325998365879059
1840,94,18,3,10,25.8563060760498
1841,95,18,3,10,0
1842,97,18,3,10,32.6749992370605
1843,98,18,3,10,0
1844,99,18,3,10,39.8499984741211
1845,101,18,3,10,47.9961090087891
1846,102,18,3,10,16
1847,106,18,3,10,62.9405479431152
1848,107,18,3,10,7.68324661254883
1849,108,18,3,10,0
1850,109,18,3,10,0
1851,110,18,3,10,6.31500005722046
1852,113,18,3,10,79.0637588500977
1853,114,18,3,10,0
1854,115,18,3,10,15.4633054733276
1855,117,18,3,10,0
1856,118,18,3,10,1.75
1857,120,18,3,10,0
1858,121,18,3,10,12.9354305267334
1859,126,18,3,10,22.5
1860,127,18,3,10,0
1861,129,18,3,10,27.6575889587402
1862,130,18,3,10,80.9700241088867
1863,131,18,3,10,36.6644630432129
1864,132,18,3,10,0
1865,134,18,3,10,0
1866,136,18,3,10,34.4956550598145
1867,138,18,3,10,19.7265071868896
1868,139,18,3,10,46.7328453063965
1869,140,18,3,10,3.43421077728271
1870,141,18,3,10,15.9558410644531
1871,142,18,3,10,33.5097122192383
1872,143,18,3,10,0
1873,144,18,3,10,0
1874,145,18,3,10,0
1875,146,18,3,10,0
1876,147,18,3,10,0
1877,149,18,3,10,1.69000005722046
1878,152,18,3,10,0
1879,153,18,3,10,0
1880,154,18,3,10,0
1881,155,18,3,10,0
1882,156,18,3,10,14.7197685241699
1883,157,18,3,10,0
1884,158,18,3,10,22.6805515289307
1885,160,18,3,10,0
1886,161,18,3,10,10.8774995803833
1887,162,18,3,10,0
1888,163,18,3,10,0
1889,164,18,3,10,0
1890,165,18,3,10,47
1891,166,18,3,10,44.9985084533691
1892,167,18,3,10,0
1893,168,18,3,10,39.8989906311035
1894,169,18,3,10,0
1895,170,18,3,10,16.8582649230957
1896,171,18,3,10,0
1897,172,18,3,10,9.85960483551025
1898,175,18,3,10,0
1899,176,18,3,10,2.19943165779114
1900,177,18,3,10,13.75
1901,179,18,3,10,26.8298358917236
1902,180,18,3,10,56.8688926696777
1903,184,18,3,10,15.1809959411621
1904,187,18,3,10,0
1905,189,18,3,10,5.38160181045532
1906,191,18,3,10,0
1907,193,18,3,10,28.7471160888672
1908,194,18,3,10,0
1909,195,18,3,10,0
1910,197,18,3,10,59.1902770996094
1911,201,18,3,10,16.8736000061035
1912,202,18,3,10,13.3301944732666
1913,1,19,3,7,13.6430225372314
1914,1,19,3,8,12.8668451309204
1915,1,19,3,9,12.1701726913452
1916,1,19,3,10,11.4756393432617
1917,2,19,3,7,0.0803858935832977
1918,2,19,3,8,0.0526878125965595
1919,2,19,3,9,0
1920,2,19,3,10,0
1921,3,19,3,7,0.900352478027344
1922,3,19,3,8,0.6538907289505
1923,3,19,3,9,0.415795117616653
1924,3,19,3,10,0.18574146926403
1925,4,19,3,7,0
1926,4,19,3,8,0
1927,4,19,3,9,0
1928,4,19,3,10,0
1929,5,19,3,7,21.2265968322754
1930,5,19,3,8,19.9207344055176
1931,5,19,3,9,18.6783905029297
1932,5,19,3,10,18.3192958831787
1933,6,19,3,7,0.541999995708466
1934,6,19,3,8,0.541999995708466
1935,7,19,3,7,0.264128923416138
1936,7,19,3,8,0.264128923416138
1937,9,19,3,7,0.0111565394327044
1938,9,19,3,8,0.010947460308671
1939,9,19,3,9,0.0107313357293606
1940,9,19,3,10,0.0107109509408474
1941,10,19,3,7,0
1942,10,19,3,8,0
1943,10,19,3,9,0
1944,10,19,3,10,0
1945,11,19,3,7,0
1946,11,19,3,8,0
1947,11,19,3,9,0
1948,11,19,3,10,0
1949,12,19,3,7,0.087676078081131
1950,12,19,3,8,0.0870484039187431
1951,12,19,3,9,0.0863915085792542
1952,12,19,3,10,0.085707314312458
1953,13,19,3,7,0.223195746541023
1954,13,19,3,8,0.223195746541023
1955,13,19,3,9,0.223195746541023
1956,13,19,3,10,0.223195746541023
1957,14,19,3,7,0
1958,14,19,3,8,0
1959,14,19,3,9,0
1960,14,19,3,10,0
1961,15,19,3,7,1.85191833972931
1962,15,19,3,8,1.02096128463745
1963,15,19,3,9,0.220962762832642
1964,15,19,3,10,0
1965,16,19,3,7,0.829545438289642
1966,16,19,3,8,0.828895330429077
1967,16,19,3,9,0.824693858623505
1968,17,19,3,7,0
1969,17,19,3,8,0
1970,17,19,3,9,0
1971,17,19,3,10,0
1972,18,19,3,7,0
1973,18,19,3,8,0
1974,18,19,3,9,0
1975,18,19,3,10,0
1976,19,19,3,7,1.000612616539
1977,19,19,3,8,0.784175753593445
1978,19,19,3,9,0.56851327419281
1979,19,19,3,10,0.568915247917175
1980,20,19,3,7,54.6463432312012
1981,20,19,3,8,53.8724136352539
1982,20,19,3,9,53.1026229858398
1983,20,19,3,10,52.3370628356934
1984,21,19,3,7,1.54304802417755
1985,21,19,3,8,1.04845142364502
1986,21,19,3,9,0.559776067733765
1987,21,19,3,10,0.137019023299217
1988,22,19,3,7,14.1697664260864
1989,22,19,3,8,13.0692615509033
1990,22,19,3,9,11.9729175567627
1991,22,19,3,10,10.8808012008667
1992,23,19,3,7,0
1993,23,19,3,8,0
1994,23,19,3,9,0
1995,24,19,3,7,11.5562124252319
1996,24,19,3,8,11.0335378646851
1997,24,19,3,9,10.5236797332764
1998,24,19,3,10,10.0260753631592
1999,25,19,3,7,1.56442904472351
2000,25,19,3,8,1.18236970901489
2001,25,19,3,9,0.808418571949005
2002,25,19,3,10,0.521852731704712
2003,26,19,3,7,0
2004,28,19,3,7,0
2005,28,19,3,8,0
2006,28,19,3,9,0
2007,28,19,3,10,0
2008,29,19,3,7,46.0724449157715
2009,29,19,3,8,44.5115089416504
2010,29,19,3,9,42.9658241271973
2011,29,19,3,10,41.4351615905762
2012,30,19,3,7,2.63454508781433
2013,30,19,3,8,2.62152457237244
2014,30,19,3,9,2.60776090621948
2015,30,19,3,10,2.59323263168335
2016,31,19,3,7,21.4034252166748
2017,31,19,3,8,19.6721038818359
2018,31,19,3,9,17.9092330932617
2019,31,19,3,10,16.1681823730469
2020,32,19,3,7,32.2688331604004
2021,32,19,3,8,28.8845100402832
2022,32,19,3,9,25.5106067657471
2023,32,19,3,10,22.1598587036133
2024,33,19,3,7,6.00620269775391
2025,33,19,3,8,5.88942956924438
2026,33,19,3,9,5.7736964225769
2027,33,19,3,10,5.65922403335571
2028,34,19,3,7,0
2029,34,19,3,8,0
2030,34,19,3,9,0
2031,34,19,3,10,0
2032,35,19,3,7,24.8770179748535
2033,35,19,3,8,24.9563770294189
2034,35,19,3,9,25.0279960632324
2035,35,19,3,10,25.0918045043945
2036,36,19,3,7,65.7852020263672
2037,36,19,3,8,65.3741607666016
2038,36,19,3,9,64.9516143798828
2039,36,19,3,10,64.5183639526367
2040,37,19,3,7,0.166552171111107
2041,37,19,3,8,0
2042,37,19,3,9,0
2043,37,19,3,10,0
2044,38,19,3,7,0.592493951320648
2045,38,19,3,8,0.517184615135193
2046,38,19,3,9,0.447021573781967
2047,38,19,3,10,0.381815135478973
2048,39,19,3,7,3.58826518058777
2049,39,19,3,8,3.32910013198853
2050,39,19,3,9,3.07568836212158
2051,39,19,3,10,2.82789731025696
2052,40,19,3,7,0.591702938079834
2053,40,19,3,8,0.591551840305328
2054,40,19,3,9,0.591386020183563
2055,41,19,3,7,8.74544620513916
2056,41,19,3,8,8.74509334564209
2057,41,19,3,9,8.64698696136475
2058,41,19,3,10,8.5488805770874
2059,43,19,3,7,0.236980095505714
2060,43,19,3,8,0.208635225892067
2061,43,19,3,9,0.180812910199165
2062,43,19,3,10,0.153476178646088
2063,45,19,3,7,0
2064,45,19,3,8,0
2065,45,19,3,9,0
2066,45,19,3,10,0
2067,46,19,3,7,0.523294389247894
2068,46,19,3,8,0.452528536319733
2069,46,19,3,9,0.381800174713135
2070,46,19,3,10,0.311176002025604
2071,47,19,3,7,0
2072,47,19,3,8,0
2073,47,19,3,9,0
2074,47,19,3,10,0
2075,48,19,3,7,0
2076,48,19,3,8,0
2077,48,19,3,9,0
2078,48,19,3,10,0
2079,44,19,3,7,27.0804214477539
2080,44,19,3,8,26.6126708984375
2081,44,19,3,9,26.1526203155518
2082,44,19,3,10,25.7008743286133
2083,49,19,3,7,0
2084,49,19,3,8,0
2085,49,19,3,9,0
2086,49,19,3,10,0
2087,50,19,3,7,11.7917394638062
2088,50,19,3,8,11.8540210723877
2089,50,19,3,9,11.913667678833
2090,50,19,3,10,11.970796585083
2091,51,19,3,7,0
2092,51,19,3,8,0
2093,51,19,3,9,0
2094,51,19,3,10,0
2095,52,19,3,7,16.9401473999023
2096,52,19,3,8,16.7227535247803
2097,52,19,3,9,16.5001583099365
2098,52,19,3,10,16.2723922729492
2099,53,19,3,7,5.57106781005859
2100,53,19,3,8,5.57106781005859
2101,54,19,3,7,2.68603157997131
2102,54,19,3,8,2.57147288322449
2103,54,19,3,9,2.46115708351135
2104,54,19,3,10,2.35486745834351
2105,55,19,3,7,2.79914093017578
2106,55,19,3,8,2.32092761993408
2107,55,19,3,9,1.84545111656189
2108,55,19,3,10,1.37332963943481
2109,56,19,3,7,0.0192097295075655
2110,56,19,3,8,0
2111,56,19,3,9,0
2112,56,19,3,10,0
2113,57,19,3,7,1.71594142913818
2114,57,19,3,8,1.24417626857758
2115,57,19,3,9,0.893697738647461
2116,57,19,3,10,0.587901771068573
2117,58,19,3,7,2.8595917224884
2118,58,19,3,8,2.85407114028931
2119,59,19,3,7,67.0039520263672
2120,60,19,3,7,0
2121,60,19,3,8,0
2122,60,19,3,9,0
2123,60,19,3,10,0
2124,61,19,3,7,6.91311359405518
2125,61,19,3,8,5.87907266616821
2126,61,19,3,9,4.84864473342896
2127,61,19,3,10,3.82212138175964
2128,62,19,3,7,28.621280670166
2129,62,19,3,8,25.6865844726562
2130,62,19,3,9,22.7702236175537
2131,62,19,3,10,19.8728218078613
2132,63,19,3,7,0.0407720543444157
2133,63,19,3,8,0
2134,63,19,3,9,0
2135,63,19,3,10,0
2136,64,19,3,7,0
2137,64,19,3,8,0
2138,64,19,3,9,0
2139,64,19,3,10,0
2140,65,19,3,7,0
2141,65,19,3,8,0
2142,65,19,3,9,0
2143,65,19,3,10,0
2144,66,19,3,7,2.04655265808105
2145,66,19,3,8,2.03699517250061
2146,66,19,3,9,2.02758193016052
2147,66,19,3,10,2.01835989952087
2148,67,19,3,7,0.988983929157257
2149,67,19,3,8,0.758035838603973
2150,67,19,3,9,0.533017516136169
2151,67,19,3,10,0.313800543546677
2152,68,19,3,7,0.00472776358947158
2153,68,19,3,8,0.00521050347015262
2154,68,19,3,9,0.00570001918822527
2155,68,19,3,10,0.00619637034833431
2156,69,19,3,7,0
2157,69,19,3,8,0
2158,69,19,3,9,0
2159,69,19,3,10,0
2160,70,19,3,7,18.5581912994385
2161,70,19,3,8,18.362211227417
2162,70,19,3,9,18.1667881011963
2163,70,19,3,10,17.97216796875
2164,71,19,3,7,0
2165,71,19,3,8,0
2166,71,19,3,9,0
2167,71,19,3,10,0
2168,72,19,3,7,3.54109597206116
2169,72,19,3,8,3.54109597206116
2170,73,19,3,7,4.18609094619751
2171,73,19,3,8,3.6372606754303
2172,73,19,3,9,3.09367513656616
2173,73,19,3,10,2.55570840835571
2174,74,19,3,7,14.8313999176025
2175,74,19,3,8,14.0690298080444
2176,74,19,3,9,13.3107414245605
2177,74,19,3,10,12.5571460723877
2178,75,19,3,7,15.1102905273438
2179,75,19,3,8,13.8948183059692
2180,75,19,3,9,12.6924362182617
2181,75,19,3,10,11.5034866333008
2182,76,19,3,7,0.612671852111816
2183,76,19,3,8,0.61220520734787
2184,76,19,3,9,0.61163854598999
2185,76,19,3,10,0.610946834087372
2186,77,19,3,7,20.6789264678955
2187,77,19,3,8,19.8775844573975
2188,77,19,3,9,19.0989036560059
2189,77,19,3,10,18.3423557281494
2190,79,19,3,7,6.81914854049683
2191,79,19,3,8,6.13705062866211
2192,79,19,3,9,5.46929979324341
2193,79,19,3,10,4.81573486328125
2194,80,19,3,7,0
2195,80,19,3,8,0
2196,80,19,3,9,0
2197,80,19,3,10,0
2198,81,19,3,7,0
2199,81,19,3,8,0
2200,81,19,3,9,0
2201,81,19,3,10,0
2202,82,19,3,7,26.338264465332
2203,82,19,3,8,23.4616317749023
2204,82,19,3,9,20.6003379821777
2205,82,19,3,10,17.7551689147949
2206,83,19,3,7,10.8363628387451
2207,83,19,3,8,9.63059139251709
2208,83,19,3,9,8.4403772354126
2209,83,19,3,10,7.26578712463379
2210,84,19,3,7,0.373516023159027
2211,85,19,3,7,0.0484935231506824
2212,85,19,3,8,0.0199193451553583
2213,85,19,3,9,0.0147883426398039
2214,85,19,3,10,0
2215,86,19,3,7,0
2216,86,19,3,8,0
2217,86,19,3,9,0
2218,86,19,3,10,0
2219,87,19,3,7,0
2220,87,19,3,8,0
2221,87,19,3,9,0
2222,87,19,3,10,0
2223,88,19,3,7,0
2224,88,19,3,8,0
2225,88,19,3,9,0
2226,88,19,3,10,0
2227,89,19,3,7,0.801380455493927
2228,89,19,3,8,0.799488484859467
2229,89,19,3,9,0.797967255115509
2230,89,19,3,10,0.796356558799744
2231,90,19,3,7,0
2232,90,19,3,8,0
2233,90,19,3,9,0
2234,90,19,3,10,0
2235,91,19,3,7,0.110405720770359
2236,91,19,3,8,0.108810603618622
2237,91,19,3,9,0.107430167496204
2238,91,19,3,10,0.106250867247581
2239,92,19,3,7,0
2240,92,19,3,8,0
2241,92,19,3,9,0
2242,92,19,3,10,0
2243,93,19,3,7,10.2840709686279
2244,93,19,3,8,9.83545589447021
2245,93,19,3,9,9.38947105407715
2246,93,19,3,10,8.94645977020264
2247,94,19,3,7,32.9529876708984
2248,94,19,3,8,32.1566543579102
2249,94,19,3,9,31.360725402832
2250,94,19,3,10,30.5653553009033
2251,95,19,3,7,0
2252,95,19,3,8,0
2253,95,19,3,9,0
2254,95,19,3,10,0
2255,96,19,3,7,0
2256,96,19,3,8,0
2257,96,19,3,9,0
2258,96,19,3,10,0
2259,97,19,3,7,22.9230976104736
2260,97,19,3,8,20.7011737823486
2261,97,19,3,9,18.4315395355225
2262,97,19,3,10,16.6569156646729
2263,98,19,3,7,0
2264,98,19,3,8,0
2265,98,19,3,9,0
2266,98,19,3,10,0
2267,99,19,3,7,0.122207872569561
2268,99,19,3,8,0.126085847616196
2269,99,19,3,9,0.129963830113411
2270,99,19,3,10,0
2271,100,19,3,7,26.6639366149902
2272,100,19,3,8,25.484167098999
2273,100,19,3,9,24.3109455108643
2274,100,19,3,10,23.144868850708
2275,101,19,3,7,40.5870552062988
2276,101,19,3,8,39.6850547790527
2277,101,19,3,9,38.7817916870117
2278,101,19,3,10,37.8778114318848
2279,102,19,3,7,0.74969220161438
2280,102,19,3,8,0.748766183853149
2281,102,19,3,9,0.74784243106842
2282,102,19,3,10,0.74784243106842
2283,103,19,3,7,0
2284,103,19,3,8,0
2285,103,19,3,9,0
2286,103,19,3,10,0
2287,104,19,3,7,0
2288,104,19,3,8,0
2289,104,19,3,9,0
2290,104,19,3,10,0
2291,105,19,3,7,0
2292,105,19,3,8,0
2293,105,19,3,9,0
2294,105,19,3,10,0
2295,106,19,3,7,41.8597946166992
2296,106,19,3,8,41.9909820556641
2297,106,19,3,9,42.120662689209
2298,106,19,3,10,42.2494468688965
2299,107,19,3,7,6.56213092803955
2300,107,19,3,8,6.03497362136841
2301,107,19,3,9,5.50933980941772
2302,107,19,3,10,4.98551988601685
2303,108,19,3,7,0.283015012741089
2304,109,19,3,7,0
2305,109,19,3,8,0
2306,109,19,3,9,0
2307,109,19,3,10,0
2308,110,19,3,7,7.79879426956177
2309,110,19,3,8,7.06435585021973
2310,110,19,3,9,6.34251165390015
2311,110,19,3,10,5.633056640625
2312,111,19,3,7,0
2313,111,19,3,8,0
2314,111,19,3,9,0
2315,111,19,3,10,0
2316,112,19,3,7,10.1535549163818
2317,112,19,3,8,10.0552196502686
2318,112,19,3,9,9.95846176147461
2319,112,19,3,10,9.86223697662354
2320,113,19,3,7,33.2474136352539
2321,113,19,3,8,31.9315032958984
2322,113,19,3,9,31.5057964324951
2323,113,19,3,10,31.0866165161133
2324,114,19,3,7,0.130529507994652
2325,114,19,3,8,0.130681917071342
2326,115,19,3,7,1.82628071308136
2327,115,19,3,8,1.40401995182037
2328,115,19,3,9,0.988233864307404
2329,115,19,3,10,0.351365149021149
2330,117,19,3,7,0
2331,117,19,3,8,0
2332,117,19,3,9,0
2333,117,19,3,10,0
2334,118,19,3,7,9.50807094573975
2335,118,19,3,8,9.2411060333252
2336,118,19,3,9,8.97086715698242
2337,118,19,3,10,8.69767761230469
2338,119,19,3,7,0.100010670721531
2339,119,19,3,8,0.0518850423395634
2340,119,19,3,9,0.0484815202653408
2341,119,19,3,10,0.0451350025832653
2342,120,19,3,7,1.04189252853394
2343,120,19,3,8,0.86987179517746
2344,120,19,3,9,0.697851061820984
2345,120,19,3,10,0.525830328464508
2346,121,19,3,7,5.5090537071228
2347,121,19,3,8,4.52175521850586
2348,121,19,3,9,3.55835366249084
2349,121,19,3,10,2.61872458457947
2350,122,19,3,7,28.3987293243408
2351,122,19,3,8,26.4680595397949
2352,122,19,3,9,24.548885345459
2353,122,19,3,10,22.6405639648438
2354,123,19,3,7,7.62211322784424
2355,123,19,3,8,7.46674299240112
2356,123,19,3,9,7.31051731109619
2357,123,19,3,10,7.1536021232605
2358,124,19,3,7,48.6394157409668
2359,124,19,3,8,48.2701034545898
2360,124,19,3,9,47.9274406433105
2361,124,19,3,10,47.6109733581543
2362,125,19,3,7,2.58888578414917
2363,125,19,3,8,2.58888578414917
2364,126,19,3,7,21.125171661377
2365,126,19,3,8,18.2609348297119
2366,126,19,3,9,15.4152336120605
2367,126,19,3,10,12.5889158248901
2368,127,19,3,7,0
2369,127,19,3,8,0
2370,127,19,3,9,0
2371,127,19,3,10,0
2372,128,19,3,7,0
2373,128,19,3,8,0
2374,128,19,3,9,0
2375,128,19,3,10,0
2376,129,19,3,7,6.91418027877808
2377,129,19,3,8,6.88643312454224
2378,129,19,3,9,6.85682678222656
2379,129,19,3,10,6.82522916793823
2380,130,19,3,7,71.0216064453125
2381,130,19,3,8,70.308723449707
2382,130,19,3,9,69.585807800293
2383,130,19,3,10,68.8516006469727
2384,131,19,3,7,20.2294807434082
2385,131,19,3,8,19.8357162475586
2386,131,19,3,9,19.4431762695312
2387,131,19,3,10,19.0520973205566
2388,132,19,3,7,0
2389,132,19,3,8,0
2390,132,19,3,9,0
2391,132,19,3,10,0
2392,133,19,3,7,0.200587689876556
2393,133,19,3,8,0.182380244135857
2394,133,19,3,9,0.164207398891449
2395,133,19,3,10,0.146106079220772
2396,134,19,3,7,0
2397,134,19,3,8,0
2398,134,19,3,9,0
2399,134,19,3,10,0
2400,135,19,3,7,0
2401,135,19,3,8,0
2402,135,19,3,9,0
2403,135,19,3,10,0
2404,136,19,3,7,13.2609930038452
2405,136,19,3,8,11.7513360977173
2406,136,19,3,9,10.2470893859863
2407,136,19,3,10,8.7490291595459
2408,137,19,3,7,0
2409,137,19,3,8,0
2410,137,19,3,9,0
2411,137,19,3,10,0
2412,138,19,3,7,4.86423397064209
2413,138,19,3,8,4.6954345703125
2414,138,19,3,9,4.52728986740112
2415,138,19,3,10,4.3598370552063
2416,139,19,3,7,15.3261613845825
2417,139,19,3,8,15.5309047698975
2418,139,19,3,9,15.7333898544312
2419,139,19,3,10,15.9336500167847
2420,140,19,3,7,0.661200761795044
2421,140,19,3,8,0.648232698440552
2422,140,19,3,9,0.635295867919922
2423,140,19,3,10,0.622405409812927
2424,141,19,3,7,6.91163206100464
2425,141,19,3,8,6.27548170089722
2426,141,19,3,9,5.64422559738159
2427,141,19,3,10,5.01828002929688
2428,142,19,3,7,5.3289098739624
2429,142,19,3,8,4.94182777404785
2430,142,19,3,9,4.55555057525635
2431,142,19,3,10,4.17031955718994
2432,143,19,3,7,0
2433,143,19,3,8,0
2434,143,19,3,9,0
2435,143,19,3,10,0
2436,144,19,3,7,0
2437,144,19,3,8,0
2438,144,19,3,9,0
2439,144,19,3,10,0
2440,145,19,3,7,0
2441,145,19,3,8,0
2442,145,19,3,9,0
2443,145,19,3,10,0
2444,146,19,3,7,0
2445,146,19,3,8,0
2446,146,19,3,9,0
2447,146,19,3,10,0
2448,147,19,3,7,0.134140983223915
2449,147,19,3,8,0.134033665060997
2450,147,19,3,9,0.133865669369698
2451,147,19,3,10,0.133639335632324
2452,148,19,3,7,0
2453,148,19,3,8,0
2454,148,19,3,9,0
2455,148,19,3,10,0
2456,149,19,3,7,0
2457,149,19,3,8,0
2458,149,19,3,9,0
2459,149,19,3,10,0
2460,150,19,3,7,2.32879543304443
2461,150,19,3,8,2.20822215080261
2462,150,19,3,9,2.0876944065094
2463,150,19,3,10,1.96728539466858
2464,151,19,3,7,1.31996607780457
2465,151,19,3,8,1.31996607780457
2466,152,19,3,7,6.36491060256958
2467,152,19,3,8,6.28843688964844
2468,152,19,3,9,6.20785665512085
2469,152,19,3,10,6.20403623580933
2470,153,19,3,7,3.3587851524353
2471,153,19,3,8,3.3587851524353
2472,153,19,3,9,3.3587851524353
2473,154,19,3,7,0.127569630742073
2474,154,19,3,8,0.136267766356468
2475,154,19,3,9,0.144970625638962
2476,154,19,3,10,0.145256847143173
2477,155,19,3,7,0
2478,155,19,3,8,0
2479,155,19,3,9,0
2480,155,19,3,10,0
2481,156,19,3,7,48.1208381652832
2482,156,19,3,8,46.7377891540527
2483,156,19,3,9,45.3609580993652
2484,156,19,3,10,43.9902114868164
2485,157,19,3,7,0
2486,157,19,3,8,0
2487,157,19,3,9,0
2488,157,19,3,10,0
2489,158,19,3,7,13.7395286560059
2490,158,19,3,8,13.1099109649658
2491,158,19,3,9,12.4855690002441
2492,158,19,3,10,11.8664922714233
2493,159,19,3,7,0.0341169685125351
2494,159,19,3,8,0.0335257425904274
2495,159,19,3,9,0.032923948019743
2496,159,19,3,10,0.0323121882975101
2497,160,19,3,7,0
2498,160,19,3,8,0
2499,160,19,3,9,0
2500,160,19,3,10,0
2501,161,19,3,7,18.2615165710449
2502,161,19,3,8,17.7905540466309
2503,161,19,3,9,17.3215732574463
2504,161,19,3,10,16.8549518585205
2505,162,19,3,7,0
2506,162,19,3,8,0
2507,162,19,3,9,0
2508,162,19,3,10,0
2509,163,19,3,7,0
2510,163,19,3,8,0
2511,163,19,3,9,0
2512,163,19,3,10,0
2513,164,19,3,7,0
2514,164,19,3,8,0
2515,164,19,3,9,0
2516,164,19,3,10,0
2517,165,19,3,7,46.6429786682129
2518,165,19,3,8,45.5337219238281
2519,165,19,3,9,45.2852363586426
2520,165,19,3,10,45.0378227233887
2521,166,19,3,7,29.5279502868652
2522,166,19,3,8,27.9043273925781
2523,166,19,3,9,26.2948112487793
2524,166,19,3,10,24.7004737854004
2525,167,19,3,7,2.03440141677856
2526,167,19,3,8,1.49804389476776
2527,167,19,3,9,0.973660528659821
2528,167,19,3,10,0.461110532283783
2529,168,19,3,7,64.5557022094727
2530,168,19,3,8,63.1724662780762
2531,168,19,3,9,61.7620735168457
2532,168,19,3,10,60.3229331970215
2533,169,19,3,7,0
2534,169,19,3,8,0
2535,169,19,3,9,0
2536,169,19,3,10,0
2537,170,19,3,7,0.515691876411438
2538,170,19,3,8,0.248337030410767
2539,170,19,3,9,0
2540,170,19,3,10,0
2541,171,19,3,7,0.190395697951317
2542,171,19,3,8,0.177664414048195
2543,171,19,3,9,0.165140494704247
2544,171,19,3,10,0.152816325426102
2545,172,19,3,7,24.3985633850098
2546,172,19,3,8,24.3126239776611
2547,172,19,3,9,24.2187442779541
2548,172,19,3,10,24.1172733306885
2549,173,19,3,7,2.71634674072266
2550,173,19,3,8,2.3429217338562
2551,173,19,3,9,1.96856665611267
2552,173,19,3,10,1.59396600723267
2553,174,19,3,7,0
2554,174,19,3,8,0
2555,174,19,3,9,0
2556,174,19,3,10,0
2557,175,19,3,7,0
2558,175,19,3,8,0
2559,175,19,3,9,0
2560,175,19,3,10,0
2561,176,19,3,7,0.682111263275146
2562,177,19,3,7,0.415861487388611
2563,177,19,3,8,0.363103598356247
2564,177,19,3,9,0.320998638868332
2565,177,19,3,10,0
2566,178,19,3,7,0
2567,178,19,3,8,0
2568,178,19,3,9,0
2569,178,19,3,10,0
2570,179,19,3,7,20.9394607543945
2571,179,19,3,8,19.5150394439697
2572,179,19,3,9,18.4128589630127
2573,179,19,3,10,18.3149890899658
2574,180,19,3,7,47.7679901123047
2575,180,19,3,8,47.0089340209961
2576,180,19,3,9,46.2433090209961
2577,180,19,3,10,45.4710731506348
2578,181,19,3,7,0.79790198802948
2579,181,19,3,8,0
2580,181,19,3,9,0
2581,181,19,3,10,0
2582,182,19,3,7,0.0445185862481594
2583,182,19,3,8,0.0280429255217314
2584,182,19,3,9,0.0172576196491718
2585,182,19,3,10,0.0170742031186819
2586,183,19,3,7,0
2587,183,19,3,8,0
2588,183,19,3,9,0
2589,183,19,3,10,0
2590,184,19,3,7,0.776140153408051
2591,184,19,3,8,0.267340272665024
2592,184,19,3,9,0
2593,184,19,3,10,0
2594,185,19,3,7,0.23343600332737
2595,185,19,3,8,0.21307809650898
2596,185,19,3,9,0.179200723767281
2597,185,19,3,10,0.165840595960617
2598,186,19,3,7,0.0476311556994915
2599,186,19,3,8,0
2600,186,19,3,9,0
2601,186,19,3,10,0
2602,187,19,3,7,1.60454547405243
2603,187,19,3,8,1.60454547405243
2604,187,19,3,9,1.60454547405243
2605,188,19,3,7,8.88383293151855
2606,188,19,3,8,8.8143949508667
2607,188,19,3,9,8.74715232849121
2608,189,19,3,7,6.46366262435913
2609,189,19,3,8,6.00782585144043
2610,189,19,3,9,5.55790138244629
2611,189,19,3,10,5.11385917663574
2612,190,19,3,7,0
2613,190,19,3,8,0
2614,190,19,3,9,0
2615,190,19,3,10,0
2616,191,19,3,7,0
2617,191,19,3,8,0
2618,191,19,3,9,0
2619,191,19,3,10,0
2620,192,19,3,7,0
2621,192,19,3,8,0
2622,192,19,3,9,0
2623,192,19,3,10,0
2624,193,19,3,7,11.0008611679077
2625,193,19,3,8,11.0049991607666
2626,193,19,3,9,11.0051612854004
2627,193,19,3,10,11.0016183853149
2628,194,19,3,7,0
2629,194,19,3,8,0
2630,194,19,3,9,0
2631,194,19,3,10,0
2632,195,19,3,7,0.503675222396851
2633,195,19,3,8,0.426259756088257
2634,195,19,3,9,0.349306732416153
2635,195,19,3,10,0.276543587446213
2636,196,19,3,7,0
2637,196,19,3,8,0
2638,196,19,3,9,0
2639,196,19,3,10,0
2640,197,19,3,7,0.581827819347382
2641,197,19,3,8,0.441255271434784
2642,197,19,3,9,0.301156282424927
2643,197,19,3,10,0.301565736532211
2644,198,19,3,7,3.40271425247192
2645,198,19,3,8,3.02384638786316
2646,198,19,3,9,3.02384638786316
2647,198,19,3,10,3.02384638786316
2648,199,19,3,7,3.00710511207581
2649,199,19,3,8,2.98924374580383
2650,199,19,3,9,2.97130608558655
2651,199,19,3,10,2.95329236984253
2652,200,19,3,7,14.2094469070435
2653,200,19,3,8,13.0665159225464
2654,200,19,3,9,11.9394912719727
2655,200,19,3,10,10.8283815383911
2656,201,19,3,7,14.2945327758789
2657,201,19,3,8,13.5198211669922
2658,201,19,3,9,12.7545118331909
2659,201,19,3,10,11.9989967346191
2660,202,19,3,7,25.0827922821045
2661,202,19,3,8,24.6909999847412
2662,202,19,3,9,24.2878322601318
2663,202,19,3,10,23.8742923736572
